data;id;command2022-08-01;241410421;Гранты
2022-08-01;241410421;Сегодня
2022-08-01;165550553;Гранты
2022-08-01;165550553;Сегодня
2022-08-01;241410421;Сегодня
2022-08-01;241410421;Гранты
2022-08-01;241410421;Сегодня
2022-08-01;241410421;Гранты
2022-08-01;241410421;Сегодня
2022-08-01;820968062;/start
2022-08-01;820968062;грант творчский
2022-08-01;820968062;Гранты
2022-08-01;820968062;В этом месяце
2022-08-01;241410421;Гранты
2022-08-01;241410421;Сегодня
2022-08-01;241410421;Гранты
2022-08-01;241410421;Сегодня
2022-08-01;241410421;Конкурсы
2022-08-01;241410421;Гранты
2022-08-01;241410421;Сегодня
2022-08-01;241410421;Гранты
2022-08-01;241410421;Сегодня
2022-08-01;241410421;Конкурсы
2022-08-01;241410421;Сегодня
2022-08-01;241410421;Гранты
2022-08-01;241410421;Сегодня
2022-08-01;165550553;Гранты
2022-08-01;165550553;В этом месяце
2022-08-01;165550553;Сегодня
